<?xml version='1.0' encoding='UTF-8'?>
<package version="0.0.1" uuid="sockettest-0cd8fc">
 <names>
  <name lang="en_US">Untitled</name>
 </names>
 <descriptions>
  <description lang="en_US">no.2</description>
 </descriptions>
 <supportedLanguages>
  <language>en_US</language>
 </supportedLanguages>
 <descriptionLanguages>
  <language>en_US</language>
 </descriptionLanguages>
 <contents>
  <behaviorContent path="behavior_1">
   <userRequestable/>
   <nature>interactive</nature>
   <permissions/>
  </behaviorContent>
 </contents>
 <requirements>
  <naoqiRequirement maxVersion="2.8" minVersion="2.8"/>
  <robotRequirement model="NAO"/>
 </requirements>
</package>
